
{
    "name": "fabric-delete",
    "version": "1.0.0",
    "type": "flogo:activity",
    "title": "Delete",
    "author": "TIBCO Software Inc.",
    "display": {
        "category": "fabric",
        "visible": true,
        "smallIcon": "ic-delete.png",
        "description": "This activity deletes data from fabric world state"
    },
    "ref": "github.com/yxuco/flogo-enterprise-app/fabric/activity/delete",
    "homepage": "http://github.com/yxuco/flogo-enterprise-app/fabric/activity/delete",
    "inputs": [
        {
            "name": "key",
            "type": "string",
            "required": true
        },
        {
            "name": "isPrivate",
            "type": "boolean",
            "required": true,
            "display": {
                "name": "Data is private",
                "description": "Delete data from private collection"
            },
            "value": false
        },
        {
            "name": "collection",
            "type": "string",
            "display": {
                "name": "Private collection name",
                "description": "Name of the private collection",
                "appPropertySupport": true,
                "visible": false
            }
        },
        {
            "name": "compositeKeys",
            "type": "string",
            "display": {
                "name": "Composite keys",
                "description": "Define index to be deleted using composite key name and attributes (Note: the key value will be appended to composite-key if the value of the last specified attribute does not match the key), e.g. {\r\n    \"index-color\": [\"color\", \"name\"],\r\n    \"index-owner\": [\"owner\", \"name\"]\r\n}",
                "type": "texteditor",
                "syntax": "json",
                "appPropertySupport": true
            }
        }
    ],
    "outputs": [
        {
            "name": "code",
            "type": "integer"
        },
        {
            "name": "message",
            "type": "string"
        },
        {
            "name": "key",
            "type": "string"
        },
        {
            "name": "result",
            "type": "complex_object",
            "display": {
                "name": "Deleted object definition",
                "description": "Schema definition of the deleted object, e.g.,\r\n{\r\n  \"param1\": \"string\",\r\n  \"param2\": {\"field1\": 0}\r\n}",
                "type": "texteditor",
                "syntax": "json"
            }
        }
    ]
}
