
{
    "name": "fabric-gethistory",
    "version": "1.0.0",
    "type": "flogo:activity",
    "title": "Get History",
    "author": "TIBCO Software Inc.",
    "display": {
        "category": "fabric",
        "visible": true,
        "smallIcon": "ic-history.png",
        "description": "This activity fetches history of a key from fabric ledger"
    },
    "ref": "github.com/yxuco/flogo-enterprise-app/fabric/activity/gethistory",
    "homepage": "http://github.com/yxuco/flogo-enterprise-app/fabric/activity/gethistory",
    "inputs": [
        {
            "name": "key",
            "type": "string",
            "required": true
        }
    ],
    "outputs": [
        {
            "name": "code",
            "type": "integer"
        },
        {
            "name": "message",
            "type": "string"
        },
        {
            "name": "key",
            "type": "string"
        },
        {
            "name": "result",
            "type": "complex_object",
            "display": {
                "name": "Result array definition",
                "description": "Schema definition of the resulting array of history records, e.g.,\r\n[{\r\n  \"txId\": \"string\",\r\n  \"txTime\": \"\",\r\n  \"isDeleted\": false,\r\n  \"value\": {\"field1\": \"\", \"field2\": 0}\r\n}]",
                "type": "texteditor",
                "syntax": "json"
            }
        }
    ]
}
